{
  "project_info": {
    "project_number": "165593037466",
    "firebase_url": "https://serse-cf8b5-default-rtdb.firebaseio.com",
    "project_id": "serse-cf8b5",
    "storage_bucket": "serse-cf8b5.appspot.com"
  },
  "client": [
    {
      "client_info": {
        "mobilesdk_app_id": "1:165593037466:android:87802626cb677fee4afd23",
        "android_client_info": {
          "package_name": "com.cevs.serseproyect"
        }
      },
      "oauth_client": [
        {
          "client_id": "165593037466-p3c49c1i609ekp3qhurj7eu6fk13416s.apps.googleusercontent.com",
          "client_type": 3
        }
      ],
      "api_key": [
        {
          "current_key": "AIzaSyDKXvduB9YO1h4Xz3k1Tmccq96RGTVFYiI"
        }
      ],
      "services": {
        "appinvite_service": {
          "other_platform_oauth_client": [
            {
              "client_id": "165593037466-p3c49c1i609ekp3qhurj7eu6fk13416s.apps.googleusercontent.com",
              "client_type": 3
            }
          ]
        }
      }
    }
  ],
  "configuration_version": "1"
}